EMPCT;CONVOCADO;MATRICULADO
18595;S;S
15228;S;
39625;S;
570;S;S
61518;S;S
7960;S;S
61360;S;S
24730;S;S
24730;S;
69928;S;S
4095;S;S
44965;S;
20581;S;
3596;S;
42818;S;S
67623;S;
43506;S;S
68102;S;
20933;S;S
23031;S;S
5097;S;S
61399;S;S
21198;S;S
61664;S;
3680;S;
29444;S;
34266;S;S
58632;S;
562;S;S
20752;S;
21021;S;S
25386;S;
44991;S;S
52330;S;S
65052;S;S
17324;S;
522;S;S
20951;S;S
50509;S;S
4021;S;S
18725;S;
893;S;S
27980;S;
40630;S;S
12661;S;S
71742;S;
25407;S;
47705;S;S
42793;S;S
33295;S;
836;S;S
60032;S;S
7787;S;S
7401;S;S
18250;S;S
40478;S;S
14415;S;
43866;S;
26879;S;
44036;S;
38764;S;S
3874;S;
3874;S;
1084;S;
1084;S;S
649;S;S
13988;S;S
27294;S;
47179;S;S
16057;S;S
8226;S;S
13452;S;S
54028;S;
29156;S;
24821;S;
60931;S;
52687;S;S
20744;S;S
58385;S;S
49848;S;
71377;S;S
32919;S;
26713;S;S
60317;S;
31158;S;S
8327;S;S
61418;S;S
8091;S;S
7904;S;S
71641;S;
49667;S;
17359;S;S
6785;S;S
58750;S;S
52268;S;S
5446;S;S
44919;S;
18434;S;
64626;S;
24889;S;
61331;S;S
48237;S;S
64485;S;
43955;S;
21115;S;S
7800;S;S
20649;S;S
4923;S;S
14746;S;S
59649;S;
60021;S;S
7425;S;S
20765;S;S
18447;S;
732;S;S
28079;S;S
8138;S;S
25169;S;S
58417;S;
8482;S;S
21154;S;S
24448;S;S
47406;S;S
782;S;
8334;S;S
18027;S;S
23753;S;S
61320;S;S
13831;S;S
24736;S;
25277;S;S
44784;S;S
3539;S;
21011;S;S
18223;S;S
39160;S;S
25226;S;S
44114;S;S
6998;S;S
61807;S;
17140;S;S
24380;S;S
16186;S;S
15149;S;S
61906;S;S
6798;S;S
71297;S;S
4026;S;S
59410;S;
61582;S;S
556;S;S
71708;S;
4083;S;
7796;S;S
13700;S;S
64797;S;
42678;S;S
46330;S;
44972;S;
61873;S;
28034;S;
18524;S;S
922;S;S
44163;S;S
13260;S;S
68848;S;
65228;S;
20684;S;
642;S;S
50002;S;
46210;S;
12618;S;S
68735;S;
24221;S;S
4183;S;
20856;S;S
20979;S;
5369;S;S
13872;S;S
5600;S;S
43702;S;
18060;S;
18060;S;S
59948;S;
52684;S;
4202;S;S
3913;S;S
45825;S;
15143;S;S
17377;S;S
3616;S;S
7623;S;S
61492;S;S
20974;S;
20820;S;
21093;S;S
21093;S;
14761;S;S
47692;S;
45685;S;
3593;S;S
60149;S;
8456;S;
43966;S;
26998;S;S
43944;S;S
69926;S;
20642;S;S
20872;S;S
751;S;S
8476;S;S
61338;S;S
31347;S;S
69248;S;S
47329;S;S
12416;S;S
31312;S;
8163;S;S
34426;S;S
6240;S;S
16750;S;
69259;S;S
8406;S;S
13749;S;
7326;S;S
4207;S;
47155;S;
736;S;S
50482;S;S
8475;S;S
13640;S;S
18107;S;S
61708;S;S
6985;S;S
46214;S;S
18473;S;
5231;S;
5231;S;S
6982;S;S
43544;S;
4741;S;S
31159;S;S
43708;S;
61929;S;
61929;S;
65694;S;S
58319;S;
14821;S;S
44803;S;S
71916;S;
69190;S;
20886;S;S
64490;S;
64584;S;
15343;S;
897;S;S
20473;S;S
8276;S;S
69099;S;
44930;S;
49624;S;S
43898;S;S
25253;S;S
45327;S;S
61936;S;
14132;S;S
20140;S;
20140;S;
27403;S;S
4065;S;S
22665;S;S
61295;S;S
66746;S;
48919;S;S
24841;S;S
7881;S;S
58388;S;
67037;S;
67037;S;
858;S;
124;S;S
124;S;
43815;S;
44949;S;
64169;S;S
61354;S;
61852;S;S
14686;S;
1060;S;S
6935;S;
7737;S;
46449;S;S
65326;S;S
68018;S;S
6185;S;S
29458;S;S
14092;S;S
18519;S;
59902;S;S
7490;S;S
20089;S;S
22550;S;
27495;S;
20545;S;
69929;S;
71875;S;
45042;S;
43916;S;S
60134;S;S
25404;S;
44921;S;S
32515;S;S
7697;S;
60042;S;S
7931;S;S
49425;S;
49425;S;
61826;S;S
7477;S;S
17022;S;S
24066;S;S
4243;S;S
29379;S;
61705;S;
32557;S;S
32497;S;
17325;S;S
4222;S;
13922;S;S
13620;S;S
6855;S;S
71840;S;
3945;S;S
52189;S;
14398;S;S
68996;S;S
24835;S;
13222;S;S
51018;S;
8269;S;S
20622;S;S
25520;S;
7031;S;S
28125;S;S
48168;S;S
44139;S;S
18295;S;
27482;S;
21017;S;S
1018;S;S
46555;S;S
7799;S;S
18722;S;
7727;S;S
14760;S;
3819;S;
567;S;S
49157;S;
58335;S;S
6220;S;S
5117;S;S
32562;S;
4240;S;S
27777;S;
24814;S;
7313;S;S
5316;S;S
58322;S;
27130;S;S
24367;S;S
44116;S;S
6530;S;
57827;S;S
54896;S;S
4774;S;S
52322;S;
21138;S;S
29202;S;
15171;S;
20521;S;S
45810;S;
8440;S;
20734;S;S
43611;S;S
42649;S;
15087;S;
1101;S;S
68366;S;
488;S;S
32409;S;S
8165;S;S
22870;S;S
61952;S;S
1105;S;S
24445;S;S
49294;S;
20975;S;S
214;S;S
57850;S;S
8238;S;S
44180;S;
58251;S;S
873;S;S
50;S;
5462;S;S
8133;S;S
32690;S;
49651;S;S
13331;S;S
37689;S;S
32516;S;S
20754;S;S
21104;S;S
45076;S;
45076;S;
32370;S;
20121;S;S
12559;S;S
47196;S;
28196;S;
37831;S;S
16906;S;S
63981;S;
20992;S;
20992;S;
21195;S;S
57790;S;S
6670;S;S
25307;S;S
25537;S;S
7863;S;S
645;S;S
44654;S;
47467;S;
31426;S;S
18495;S;S
29475;S;S
44066;S;
65818;S;S
14656;S;S
42773;S;
4839;S;S
44176;S;S
66676;S;
44188;S;
61426;S;S
20885;S;
55915;S;
24102;S;
27278;S;S
58382;S;
44455;S;S
32272;S;
59822;S;S
25182;S;
14917;S;S
47570;S;
7945;S;S
46342;S;S
17306;S;S
67854;S;
7947;S;
7174;S;
13250;S;S
5250;S;S
13661;S;S
24216;S;S
66877;S;
71625;S;S
34093;S;S
868;S;
13364;S;S
18596;S;
32880;S;S
63471;S;S
66814;S;S
44959;S;
44959;S;
25183;S;S
1029;S;S
8501;S;S
47790;S;S
53795;S;
4218;S;S
12492;S;S
24851;S;
612;S;S
46561;S;
8339;S;S
8383;S;S
58724;S;
60124;S;S
65701;S;S
21127;S;S
17478;S;S
17478;S;
24804;S;
584;S;S
69662;S;
16648;S;
61813;S;
37663;S;S
37663;S;
7722;S;S
61444;S;S
37707;S;
37707;S;S
5419;S;S
31352;S;
1051;S;S
20643;S;S
68085;S;
18404;S;S
34556;S;
61298;S;
20747;S;S
4956;S;S
13053;S;S
14313;S;S
37781;S;
60123;S;
42802;S;S
44159;S;
169;S;S
52370;S;S
28268;S;S
48331;S;S
61347;S;S
25562;S;
5274;S;S
31757;S;S
7073;S;S
38960;S;
53856;S;
53856;S;S
7572;S;
8131;S;S
67680;S;S
6682;S;S
3857;S;S
43616;S;
58334;S;
65958;S;
25774;S;S
27586;S;
46801;S;S
39109;S;
55978;S;
73415;S;S
44152;S;
13393;S;S
43497;S;
60008;S;
60008;S;S
16284;S;S
5314;S;S
43030;S;S
18092;S;
28165;S;S
34534;S;
54704;S;S
42761;S;S
60308;S;
6734;S;S
37785;S;
43911;S;S
20553;S;S
52402;S;S
68043;S;
18272;S;S
44772;S;
42540;S;
7507;S;S
22947;S;S
20288;S;
20807;S;S
6987;S;
58440;S;
128;S;S
52671;S;
57784;S;
43099;S;S
73301;S;
51628;S;
211;S;S
18206;S;S
66747;S;S
46137;S;
49869;S;S
7916;S;S
50568;S;
8465;S;S
7603;S;S
5584;S;S
4932;S;S
15114;S;
51681;S;S
1058;S;
4074;S;
57793;S;
68709;S;S
28184;S;S
27792;S;
68526;S;S
61926;S;
60280;S;
32582;S;
27667;S;
18512;S;S
52379;S;S
4078;S;S
8416;S;S
20989;S;S
65668;S;S
4635;S;
18635;S;
6393;S;S
26407;S;S
37656;S;S
8363;S;S
1044;S;S
808;S;
808;S;S
52048;S;
8239;S;S
25262;S;
44043;S;S
46204;S;
56136;S;
24210;S;S
25647;S;
32698;S;
23868;S;S
59381;S;S
20892;S;S
69119;S;S
7402;S;S
64156;S;
48174;S;
44948;S;
70562;S;S
61560;S;
44087;S;
7854;S;
4251;S;S
14788;S;S
22687;S;S
65300;S;S
20546;S;S
40819;S;
13685;S;S
61896;S;S
21020;S;S
37868;S;
67112;S;
61425;S;
25578;S;S
8154;S;S
16842;S;
12423;S;S
13058;S;S
64170;S;
6668;S;S
22813;S;S
5212;S;S
5391;S;
5391;S;S
44007;S;
45036;S;
8468;S;S
2076;S;S
29185;S;
20136;S;
32424;S;
73404;S;
71913;S;
37747;S;
44997;S;
46233;S;
33536;S;
16172;S;S
46340;S;
23670;S;S
21056;S;S
49499;S;S
471;S;S
25388;S;
40803;S;S
31872;S;
20536;S;S
1223;S;S
14516;S;S
56262;S;
43968;S;
44019;S;
37812;S;
37812;S;S
61841;S;
14236;S;
4700;S;S
52181;S;S
43928;S;
61840;S;
33978;S;S
27687;S;S
39333;S;
52716;S;S
39485;S;S
24776;S;S
25269;S;
27831;S;S
1352;S;S
1352;S;
4818;S;S
4818;S;
32407;S;
27686;S;S
34479;S;
3841;S;
58211;S;
47288;S;
5431;S;S
2500;S;S
34482;S;
44179;S;
44119;S;
50331;S;S
39266;S;
23139;S;S
12911;S;
31311;S;
71653;S;
60006;S;
44051;S;S
21031;S;
27620;S;
40801;S;S
42889;S;
31370;S;
44120;S;
48982;S;
46094;S;
34230;S;
45379;S;
4865;S;S
44927;S;
66007;S;
68874;S;
44453;S;
45847;S;S
28208;S;
26703;S;S
33293;S;S
44201;S;S
4882;S;S
66881;S;S
51927;S;S
59839;S;
59839;S;S
45234;S;S
49449;S;
598;S;S
43002;S;
31360;S;
71925;S;
29167;S;
73338;S;S
29520;S;S
42952;S;
43977;S;
44298;S;S
32932;S;
37847;S;S
6686;S;S
24981;S;S
44915;S;
29530;S;
60357;S;S
64462;S;
28270;S;
46543;S;
4754;S;S
15175;S;S
65734;S;
65946;S;S
39577;S;
45109;S;
17081;S;S
28861;S;
69850;S;S
4326;S;
46527;S;
21006;S;S
6698;S;S
66438;S;
13852;S;
43446;S;
48082;S;S
20891;S;S
43969;S;
71585;S;S
60063;S;S
28007;S;S
8103;S;S
57738;S;S
43859;S;
4367;S;S
26777;S;
20134;S;S
14787;S;
8376;S;S
61889;S;
42595;S;
58264;S;S
48883;S;
71841;S;S
48202;S;
61745;S;
61745;S;S
6665;S;S
31236;S;
60299;S;
58233;S;
24302;S;S
13370;S;S
13162;S;S
13697;S;
51380;S;
32543;S;S
39483;S;
27072;S;S
29388;S;
43624;S;
25417;S;
59394;S;S
7422;S;S
13552;S;S
53354;S;
47289;S;
45988;S;
61721;S;S
28166;S;
66561;S;
12489;S;S
53914;S;S
20522;S;
14080;S;
61724;S;
20977;S;
8341;S;
8341;S;S
67940;S;S
20976;S;S
38169;S;S
49770;S;S
18484;S;S
39643;S;
34746;S;
4955;S;
46032;S;
5347;S;
42570;S;
21026;S;S
46042;S;S
61958;S;S
13926;S;S
14938;S;S
54641;S;
61500;S;S
12605;S;S
48304;S;S
43694;S;S
58480;S;S
887;S;
887;S;
73233;S;
45291;S;S
12604;S;S
61858;S;
47698;S;
5447;S;S
4237;S;S
44307;S;
13264;S;S
4963;S;
73420;S;
52016;S;
38826;S;
50653;S;S
8470;S;S
13456;S;S
2306;S;S
66753;S;S
60381;S;
60381;S;
1167;S;S
60275;S;
22821;S;S
43697;S;
58427;S;
38907;S;S
8186;S;S
46853;S;
6307;S;S
18085;S;S
7876;S;S
37741;S;S
21130;S;S
44134;S;
60260;S;
33222;S;
34180;S;S
29141;S;S
71597;S;S
39444;S;S
1293;S;S
5057;S;S
5016;S;S
32666;S;
32666;S;
66009;S;
34626;S;
5334;S;S
4784;S;S
15827;S;S
2271;S;S
42708;S;S
42708;S;
71919;S;
31263;S;S
57766;S;S
61895;S;S
73418;S;S
28081;S;S
64959;S;S
18446;S;S
63544;S;
14744;S;S
18267;S;S
4474;S;S
44143;S;S
31465;S;S
5224;S;S
5952;S;S
40646;S;S
31329;S;
2421;S;S
18462;S;S
2259;S;S
21072;S;S
70152;S;
14802;S;S
20660;S;S
68724;S;S
604;S;S
49140;S;S
33384;S;
8173;S;
8173;S;S
5362;S;S
21169;S;
53343;S;
53343;S;S
17511;S;S
7601;S;S
8412;S;
25477;S;S
2138;S;S
34512;S;
21140;S;S
24470;S;S
20095;S;S
14851;S;S
66092;S;S
20149;S;S
8148;S;S
33242;S;S
39581;S;S
27866;S;
67732;S;
67990;S;
66098;S;S
46108;S;S
20795;S;
29473;S;
20701;S;
69028;S;
29061;S;
18615;S;
32113;S;
40373;S;
54558;S;S
5661;S;S
26860;S;S
26860;S;
34610;S;S
71843;S;
49642;S;
24999;S;
32996;S;
58336;S;
28134;S;S
6802;S;S
15072;S;S
57746;S;
16221;S;S
61727;S;
27850;S;
43729;S;
4869;S;S
6676;S;S
7464;S;S
7592;S;S
67746;S;
42578;S;
2268;S;S
5218;S;S
34729;S;
16157;S;
2418;S;
17064;S;S
58379;S;S
4954;S;S
4954;S;
7598;S;S
13382;S;S
17080;S;
50728;S;
18178;S;S
2309;S;S
7448;S;S
4069;S;S
49610;S;
8126;S;S
26721;S;
34325;S;S
67920;S;
14123;S;
5028;S;S
32383;S;S
1104;S;
34604;S;S
61725;S;
902;S;S
20857;S;
20902;S;
25287;S;
4881;S;S
22574;S;
12722;S;
20591;S;S
54705;S;S
1863;S;S
44169;S;S
54555;S;S
5485;S;S
34457;S;
8168;S;
13284;S;S
12602;S;
12602;S;S
47551;S;S
5058;S;
51899;S;
5246;S;S
71234;S;
66630;S;
69925;S;S
13673;S;
69884;S;
32906;S;S
22951;S;S
4875;S;S
50667;S;S
34468;S;S
18203;S;S
20866;S;S
8121;S;S
53648;S;S
14723;S;S
40707;S;
27596;S;S
18008;S;S
3629;S;S
34659;S;
45176;S;
27322;S;
27322;S;
8488;S;S
27437;S;
34241;S;
59625;S;
7471;S;S
61602;S;S
20052;S;S
33596;S;S
58445;S;S
46368;S;
51976;S;
24662;S;S
29434;S;
25245;S;S
49653;S;S
66104;S;
43778;S;S
43778;S;
34304;S;S
2364;S;
67268;S;S
2397;S;S
34709;S;S
49538;S;
22703;S;S
52488;S;
67223;S;
13624;S;
13624;S;S
66047;S;
6986;S;S
73419;S;
23959;S;
69138;S;S
1392;S;
64949;S;S
24051;S;S
38853;S;
39442;S;
68753;S;
42669;S;S
4750;S;S
61825;S;S
34758;S;
59977;S;
4368;S;S
6704;S;S
52597;S;
1907;S;S
48056;S;
48056;S;
20387;S;S
7512;S;
20651;S;S
18508;S;S
38923;S;
25428;S;S
47907;S;
32051;S;
49479;S;
4318;S;S
4318;S;
4644;S;S
33015;S;
33015;S;S
12515;S;S
48061;S;
52096;S;S
443;S;S
67887;S;S
34252;S;S
12930;S;S
51528;S;
34741;S;
29376;S;
69124;S;
14640;S;S
45193;S;S
16143;S;
4336;S;S
47776;S;
64286;S;
5213;S;S
42964;S;
2409;S;S
8386;S;S
1398;S;S
65631;S;S
45261;S;
33094;S;S
49505;S;S
22696;S;
33505;S;
59495;S;
61935;S;
61935;S;S
32394;S;
58461;S;S
21106;S;S
2401;S;S
26143;S;S
18302;S;S
31296;S;
33781;S;S
20463;S;S
52731;S;
65782;S;
55;S;S
40789;S;S
16052;S;S
51983;S;S
69008;S;S
67921;S;
59753;S;S
12583;S;S
52454;S;S
71718;S;S
18535;S;
31194;S;
18402;S;S
67724;S;
67724;S;
33268;S;
15184;S;
15184;S;S
7836;S;
63346;S;S
1901;S;S
39074;S;S
15174;S;S
31994;S;S
52519;S;
15209;S;S
4346;S;S
53366;S;S
45114;S;
20593;S;S
7792;S;S
1284;S;S
54945;S;S
18179;S;
40365;S;
31365;S;
59466;S;
59466;S;
67731;S;S
7432;S;S
60354;S;S
14035;S;S
13839;S;S
7144;S;S
34476;S;S
155;S;
60565;S;
31220;S;S
61819;S;
39339;S;S
4380;S;S
600;S;
39222;S;S
61701;S;S
4348;S;
46228;S;
32767;S;S
45877;S;
34752;S;S
34028;S;S
34704;S;
38547;S;
58219;S;
5359;S;
39360;S;
34253;S;S
6308;S;S
54892;S;S
33263;S;S
52267;S;
60229;S;
28529;S;S
42939;S;
17569;S;S
27270;S;S
45837;S;S
46119;S;
23929;S;
29181;S;
1253;S;S
38804;S;
44125;S;S
37931;S;
39906;S;
1993;S;S
34742;S;
12486;S;
34207;S;S
4279;S;S
29759;S;
4136;S;
4136;S;S
12700;S;S
31685;S;
55893;S;
61833;S;S
73424;S;
2319;S;S
6703;S;S
20711;S;S
59829;S;S
23083;S;S
32917;S;
51070;S;S
17440;S;S
60491;S;
34051;S;
6890;S;S
24114;S;S
26789;S;
8171;S;
24855;S;S
58260;S;S
61464;S;S
20905;S;
20751;S;S
13785;S;S
46008;S;
5983;S;S
65127;S;
26897;S;
31706;S;
57812;S;S
2340;S;
49400;S;S
61032;S;
37798;S;S
60010;S;S
52420;S;
43823;S;S
58221;S;
69923;S;
7683;S;S
15093;S;
58222;S;S
17212;S;S
18257;S;S
25723;S;S
61392;S;
32644;S;
8203;S;
65654;S;
33302;S;
6056;S;S
6426;S;
43357;S;
15060;S;
15060;S;S
73391;S;
49152;S;
28053;S;S
20611;S;S
61749;S;S
61749;S;
71976;S;S
20970;S;
61594;S;S
8388;S;S
39037;S;
39037;S;
43419;S;S
13556;S;S
33011;S;
1881;S;S
7637;S;S
5061;S;S
34518;S;
47225;S;
54550;S;
1941;S;S
25418;S;S
44729;S;
40412;S;
20055;S;
50547;S;S
14703;S;S
21179;S;
20046;S;S
60448;S;
1950;S;S
5087;S;S
61884;S;S
24946;S;
3759;S;S
59496;S;
12650;S;
4793;S;S
31197;S;
38672;S;
34033;S;S
18487;S;S
29381;S;S
34702;S;
13851;S;
40763;S;S
58125;S;
5521;S;S
743;S;S
66645;S;S
23146;S;S
46516;S;
6666;S;S
69756;S;
68960;S;S
42867;S;
5435;S;S
18262;S;
6910;S;S
39236;S;
6435;S;S
5973;S;S
4931;S;S
32294;S;
37732;S;
50988;S;
34628;S;
1426;S;S
17621;S;
2299;S;S
21173;S;S
7951;S;S
29430;S;S
23098;S;S
34612;S;S
376;S;S
58697;S;
68721;S;
58293;S;S
39135;S;S
13825;S;S
53562;S;S
21158;S;S
24983;S;S
46526;S;
52963;S;
23578;S;
57792;S;
53853;S;S
5182;S;
13353;S;S
29042;S;
69016;S;S
5364;S;S
45893;S;
2375;S;S
50691;S;
69000;S;
73299;S;
43701;S;S
16716;S;S
32400;S;
21012;S;S
34647;S;S
61920;S;S
6943;S;
27430;S;
61842;S;S
18715;S;
5247;S;S
34037;S;
4403;S;S
32929;S;
61698;S;S
3993;S;
28127;S;S
13358;S;
4746;S;S
31378;S;
23944;S;
15063;S;S
46328;S;
4143;S;
22800;S;
18171;S;
25280;S;S
18086;S;S
55135;S;
53394;S;
3921;S;S
3921;S;
13245;S;S
13245;S;
27783;S;
47181;S;
7476;S;S
2275;S;S
46031;S;
37818;S;S
34329;S;
34733;S;S
44838;S;
4905;S;S
4905;S;
7470;S;S
25250;S;S
17188;S;S
60476;S;S
61303;S;
13535;S;S
68751;S;S
61405;S;S
60312;S;
12582;S;S
40323;S;
1110;S;
39450;S;
1930;S;
67847;S;
33973;S;
60264;S;S
24293;S;S
44663;S;S
1815;S;
20854;S;
20973;S;S
31330;S;S
31330;S;
29306;S;
6118;S;
6118;S;
54791;S;
54791;S;
56340;S;S
2110;S;S
24507;S;
26869;S;S
24144;S;S
33236;S;
6664;S;S
51855;S;
58302;S;
28028;S;
12708;S;S
50579;S;S
25961;S;
17605;S;
61;S;S
182;S;
34652;S;
34652;S;S
39621;S;
34061;S;
76;S;S
5443;S;
46508;S;
32901;S;
61367;S;S
34117;S;S
5357;S;S
7427;S;S
2284;S;S
4364;S;
28291;S;
7892;S;S
49558;S;
29362;S;
54724;S;
43835;S;
8181;S;S
3949;S;S
24169;S;S
2492;S;
27767;S;
59470;S;S
59761;S;
57837;S;
53809;S;
52288;S;
33969;S;S
4598;S;S
59676;S;
50609;S;S
13658;S;S
56252;S;
14429;S;S
65425;S;
39491;S;
7268;S;S
34736;S;S
28164;S;
34536;S;
47457;S;
27257;S;S
119;S;S
20603;S;S
17407;S;
69019;S;
68599;S;S
17663;S;
9895;S;
34445;S;S
33283;S;
50033;S;
33560;S;S
33659;S;
4866;S;S
6653;S;
68668;S;S
494;S;
24195;S;
27797;S;
33259;S;S
34086;S;
31328;S;
4209;S;S
45072;S;S
32864;S;S
15083;S;S
21068;S;S
42716;S;
46246;S;S
61691;S;S
37655;S;
59715;S;
7690;S;
49010;S;
2356;S;S
46235;S;
58310;S;
34663;S;
34663;S;
32531;S;
52567;S;
34643;S;
5076;S;S
29092;S;
6871;S;S
2367;S;S
57741;S;
16011;S;
16011;S;S
49792;S;
61268;S;S
18005;S;S
34173;S;S
43517;S;
22858;S;S
8738;S;S
29096;S;S
50950;S;
8792;S;S
50655;S;
54897;S;
54520;S;S
39614;S;
50558;S;S
8727;S;
17076;S;S
24400;S;S
29432;S;
32976;S;
14062;S;
58711;S;S
4016;S;S
24294;S;S
43711;S;
61287;S;
1280;S;
64188;S;
34234;S;S
3594;S;
3594;S;S
14591;S;
54785;S;S
43904;S;
68120;S;
58492;S;S
672;S;S
28428;S;
20574;S;
16863;S;S
43857;S;
58380;S;S
37625;S;S
24125;S;S
9834;S;
17631;S;S
46244;S;S
59838;S;S
38789;S;
32820;S;
16048;S;S
44172;S;S
34455;S;
39189;S;S
40523;S;S
16691;S;
47882;S;S
43565;S;
6388;S;S
37672;S;S
4773;S;
39415;S;
5441;S;S
61844;S;
46202;S;
73414;S;S
9476;S;
22532;S;S
49440;S;
16647;S;
4157;S;S
4242;S;S
20044;S;S
28006;S;
39382;S;
9666;S;S
51701;S;
14337;S;S
26062;S;S
5884;S;S
52377;S;
13864;S;S
18483;S;S
58258;S;S
9178;S;S
5238;S;S
34625;S;S
13843;S;S
2497;S;S
51014;S;
51014;S;
18437;S;S
42673;S;
47979;S;S
4878;S;S
13667;S;S
13044;S;S
34620;S;
995;S;S
60235;S;
47445;S;S
71970;S;
67503;S;
9952;S;
67306;S;
32912;S;
34401;S;S
1049;S;S
40455;S;S
10142;S;
33088;S;
51103;S;S
20959;S;S
3911;S;S
24714;S;S
13722;S;S
34236;S;S
27011;S;S
34469;S;S
18441;S;S
34256;S;
17347;S;S
10055;S;S
72030;S;
48949;S;
26901;S;S
13251;S;S
42803;S;
13606;S;S
25009;S;S
49483;S;S
54459;S;S
54459;S;
53558;S;
5021;S;S
49665;S;
65721;S;S
68794;S;
17017;S;S
8750;S;
8750;S;S
26967;S;
34474;S;
23221;S;
9579;S;S
9731;S;
49014;S;
31175;S;
48977;S;
4147;S;
28871;S;
5432;S;S
39166;S;S
5075;S;
4776;S;S
34465;S;S
12712;S;S
8587;S;
8587;S;S
17041;S;
58317;S;
8044;S;S
10164;S;
66308;S;
32760;S;S
20524;S;S
58414;S;
44722;S;
20093;S;
68822;S;
65327;S;S
914;S;
60346;S;S
60346;S;
50898;S;
61875;S;
39277;S;
33382;S;S
13846;S;
67976;S;
20605;S;S
43483;S;S
71972;S;
59693;S;
49615;S;S
14286;S;S
48026;S;S
17308;S;S
20604;S;S
61931;S;
60384;S;S
28982;S;S
8352;S;
4208;S;S
18163;S;S
8555;S;S
58378;S;
27781;S;
61219;S;
1002;S;
43510;S;
24525;S;S
44947;S;
2067;S;S
44832;S;
784;S;S
17355;S;
14879;S;S
27267;S;
1809;S;S
39223;S;S
52333;S;
65189;S;S
46080;S;
56188;S;
59328;S;
9292;S;S
46013;S;S
42787;S;S
48011;S;S
14801;S;S
61734;S;
68245;S;S
42672;S;S
8192;S;S
54898;S;S
49915;S;
69030;S;
15084;S;
8145;S;
63614;S;
49026;S;
50659;S;S
43710;S;
42914;S;
28234;S;
28234;S;S
17182;S;
17182;S;S
12409;S;S
3818;S;S
17485;S;S
17485;S;
34492;S;
61943;S;S
9980;S;S
27277;S;S
63404;S;
3563;S;
25167;S;
64560;S;
61953;S;
32372;S;S
27730;S;S
14661;S;S
2378;S;
24717;S;
29227;S;S
8731;S;
42788;S;S
33007;S;
23635;S;S
1260;S;S
29134;S;
24715;S;S
31428;S;
21148;S;S
49107;S;
27731;S;
20635;S;
17451;S;
20998;S;S
32974;S;
64897;S;
10247;S;S
20245;S;
1276;S;
47296;S;S
44725;S;S
20526;S;
28018;S;S
830;S;S
28257;S;S
10034;S;
20909;S;
34209;S;S
53807;S;S
42623;S;
29384;S;S
29406;S;
25049;S;S
42571;S;
38799;S;
29474;S;
4443;S;S
43940;S;
31423;S;S
31423;S;
12426;S;S
47392;S;S
49525;S;
58507;S;
45572;S;
29447;S;
57711;S;S
10118;S;
7465;S;
55098;S;
34749;S;S
49648;S;
60162;S;
1310;S;
6906;S;
6906;S;S
63456;S;
28231;S;
7148;S;S
9317;S;S
7910;S;S
52289;S;
49471;S;
71833;S;S
39301;S;
60115;S;S
9712;S;
38754;S;
38739;S;
33193;S;
24059;S;S
29065;S;S
20595;S;S
7653;S;S
7653;S;
18346;S;
13519;S;S
2274;S;S
25942;S;
40405;S;S
38841;S;
24942;S;
46520;S;
58490;S;
15090;S;
61288;S;
69275;S;S
24930;S;
73306;S;
4929;S;S
52348;S;S
24375;S;S
60248;S;S
65871;S;S
37933;S;S
21113;S;S
21113;S;
14191;S;S
65674;S;S
55244;S;
2281;S;S
60373;S;
17952;S;S
8538;S;S
1947;S;S
191;S;S
59314;S;S
56171;S;
18432;S;S
1240;S;S
60364;S;S
37755;S;
39137;S;
16142;S;
54591;S;
25624;S;
52297;S;S
60366;S;S
34751;S;
32945;S;
4914;S;S
55995;S;
21112;S;S
69614;S;
50782;S;
61581;S;S
61457;S;S
18681;S;S
26747;S;
34310;S;S
71498;S;S
20971;S;S
548;S;
20884;S;
18282;S;S
38792;S;S
40668;S;S
64479;S;
35091;S;S
56167;S;
21027;S;S
568;S;S
8393;S;
35833;S;S
1591;S;
55750;S;
13234;S;S
32429;S;
34770;S;S
69142;S;
65041;S;S
45781;S;S
16060;S;
10322;S;S
51435;S;
25004;S;
61919;S;
56172;S;
52721;S;
29420;S;S
49631;S;
17443;S;
65637;S;S
32779;S;
59998;S;S
4796;S;S
2417;S;
25320;S;
574;S;S
29082;S;S
8710;S;S
56022;S;
55850;S;
5656;S;S
56343;S;S
43894;S;S
6923;S;S
20356;S;
35513;S;
7757;S;S
44170;S;S
54462;S;S
56001;S;S
48323;S;S
45118;S;
56068;S;S
13951;S;
13951;S;
40502;S;
22840;S;
25625;S;
20735;S;
35165;S;
56286;S;
18504;S;S
66101;S;
4447;S;S
24132;S;S
35783;S;
44251;S;
22927;S;S
24139;S;
38867;S;
71619;S;
50905;S;
50905;S;
9284;S;S
4812;S;
14750;S;S
46129;S;S
20113;S;S
20657;S;S
59833;S;
52495;S;
58574;S;
21099;S;S
68084;S;
29177;S;S
44067;S;S
35150;S;
1139;S;
1197;S;S
46203;S;S
39230;S;S
2288;S;
1458;S;
68687;S;
31154;S;
31483;S;
56055;S;
43766;S;
35654;S;
786;S;S
45304;S;
17985;S;
50581;S;S
8084;S;S
24701;S;
9390;S;
9390;S;
61718;S;
39063;S;
31479;S;
55779;S;S
40336;S;
9355;S;S
27261;S;
1701;S;S
21081;S;S
29466;S;
39127;S;S
6252;S;S
60924;S;
31534;S;
17073;S;S
15334;S;
27543;S;
51920;S;S
53830;S;
48248;S;S
20475;S;
4453;S;S
40702;S;S
2048;S;S
49690;S;S
58699;S;
45727;S;
66932;S;S
53540;S;S
45284;S;
6946;S;
13362;S;
8668;S;S
4840;S;S
13577;S;S
55091;S;
73;S;
8684;S;S
69983;S;
29461;S;S
14157;S;S
56166;S;
55041;S;
55041;S;S
1662;S;
5233;S;S
5233;S;
39537;S;
49702;S;
40522;S;S
35769;S;S
28318;S;
16210;S;S
60237;S;
70180;S;S
9599;S;S
34884;S;
1804;S;
64945;S;
56348;S;S
20144;S;S
10137;S;
17247;S;
40394;S;S
8374;S;
40900;S;S
35867;S;
14223;S;S
56214;S;
61870;S;
17481;S;
17481;S;S
2035;S;S
6141;S;
20962;S;S
45148;S;
35617;S;
2061;S;S
49434;S;
2102;S;
61411;S;S
25398;S;
60516;S;
9564;S;
18717;S;
24979;S;
9561;S;S
13433;S;S
67629;S;
69977;S;S
1672;S;
17591;S;
30630;S;
1555;S;S
18684;S;
35679;S;
13059;S;S
20855;S;S
71978;S;
13196;S;S
25233;S;S
50840;S;
56358;S;S
8702;S;
47040;S;
9332;S;S
56284;S;
61905;S;S
20878;S;S
17219;S;
17219;S;S
13387;S;
34777;S;
20860;S;
24039;S;
5383;S;S
45093;S;
9273;S;
64171;S;S
34870;S;
23036;S;
18603;S;S
29688;S;
29688;S;
35915;S;S
8678;S;S
8517;S;S
34828;S;S
68067;S;
59869;S;S
58488;S;
35676;S;
43325;S;
13850;S;S
18453;S;S
40818;S;S
60333;S;
6605;S;S
25690;S;
2433;S;S
71364;S;
61512;S;S
1290;S;
60483;S;
27485;S;
22992;S;S
32686;S;
16959;S;
16764;S;
25295;S;
8660;S;S
1866;S;S
5925;S;S
64666;S;
48906;S;
38851;S;
32393;S;
69121;S;
69121;S;
21196;S;
21196;S;
10207;S;
55128;S;
20529;S;S
68800;S;S
13506;S;
56119;S;
46314;S;
8699;S;
28251;S;
60335;S;
18464;S;
49144;S;
69379;S;
39184;S;
72085;S;
49635;S;S
45025;S;S
49636;S;
4059;S;S
43161;S;S
37859;S;S
65944;S;S
52439;S;
52439;S;
9039;S;S
31475;S;
7590;S;S
47586;S;
55180;S;S
9604;S;S
56016;S;
14780;S;S
34880;S;
49430;S;
20160;S;S
59675;S;
39405;S;
20906;S;S
35642;S;S
1530;S;
9554;S;S
69855;S;S
45144;S;
40528;S;
29285;S;S
31911;S;S
1220;S;S
37872;S;S
7364;S;
59606;S;
34862;S;S
14241;S;S
1207;S;S
18469;S;S
6596;S;S
45138;S;
6102;S;S
9452;S;
61506;S;S
498;S;S
66768;S;S
35890;S;
22618;S;
10344;S;S
29456;S;
31198;S;
29071;S;
5472;S;S
71206;S;
9575;S;S
8717;S;
20083;S;
17456;S;S
50998;S;S
1668;S;S
67855;S;
4911;S;
9285;S;S
4244;S;
24491;S;S
61438;S;
43232;S;S
431;S;
40883;S;
40883;S;S
1973;S;S
38908;S;
60324;S;S
45085;S;
53619;S;S
10324;S;S
27639;S;
54688;S;
13458;S;S
67444;S;S
8635;S;S
8635;S;
35787;S;S
4180;S;
17626;S;S
27802;S;
32770;S;S
49128;S;S
13664;S;S
34772;S;S
2225;S;
56349;S;
43461;S;
27311;S;
7585;S;S
35770;S;S
35770;S;
39938;S;S
24381;S;
27066;S;
32723;S;
40861;S;S
61370;S;S
6522;S;S
13115;S;S
7878;S;S
13580;S;S
5368;S;
20997;S;S
45273;S;
1889;S;
29186;S;
52373;S;S
1853;S;S
12662;S;S
60369;S;
31363;S;
21117;S;S
54866;S;
13074;S;
7125;S;S
32642;S;S
37762;S;
28217;S;
35069;S;
40231;S;S
70056;S;S
18287;S;
39023;S;S
40364;S;
61788;S;S
50810;S;S
50912;S;
1361;S;S
39571;S;S
4862;S;S
17310;S;S
4424;S;S
40427;S;
63356;S;
34765;S;S
8066;S;
2068;S;S
40662;S;
68694;S;
32842;S;
45432;S;
35849;S;
31163;S;S
49085;S;
69857;S;
12594;S;
8832;S;S
7597;S;S
25193;S;S
8572;S;S
8836;S;
31171;S;
3878;S;
16113;S;S
25228;S;
32126;S;S
35662;S;S
53424;S;S
65226;S;S
31470;S;
12550;S;
44097;S;S
56267;S;S
69276;S;S
3627;S;S
20859;S;S
5049;S;
10237;S;
73405;S;
5976;S;
34872;S;
28071;S;S
60169;S;S
35652;S;
35703;S;S
35503;S;
29437;S;S
39461;S;S
65571;S;S
60467;S;S
10160;S;
50543;S;
3598;S;
9656;S;S
1189;S;S
9538;S;
60289;S;
54801;S;
32764;S;
56265;S;
9427;S;S
9380;S;S
20378;S;S
73348;S;
46479;S;
45427;S;
60337;S;
20299;S;S
65051;S;
34909;S;S
49952;S;
1834;S;S
40879;S;S
61859;S;
18261;S;S
49153;S;
39294;S;
40690;S;
32236;S;
7034;S;S
27771;S;
38208;S;
65716;S;S
60812;S;
13537;S;S
32649;S;
5918;S;S
67849;S;
32798;S;S
1372;S;S
13259;S;S
2406;S;
51118;S;S
61535;S;S
39365;S;
34930;S;
13186;S;S
32668;S;
8833;S;S
13082;S;S
1313;S;S
15245;S;S
31382;S;
61883;S;
5565;S;S
8360;S;S
871;S;S
22744;S;
38728;S;S
60372;S;
32511;S;
66059;S;
66059;S;
40447;S;
14967;S;
20739;S;
2029;S;S
4630;S;S
48170;S;S
1660;S;S
9917;S;
1360;S;S
34856;S;
3947;S;S
53864;S;
6171;S;S
40913;S;S
29279;S;
29296;S;
20528;S;S
7908;S;
35650;S;
48044;S;
34869;S;S
14122;S;S
39118;S;
32646;S;
753;S;S
29291;S;
1109;S;S
65233;S;S
17533;S;S
69989;S;
35899;S;S
7493;S;S
40058;S;
61719;S;S
49253;S;
61343;S;S
61951;S;
35741;S;
14392;S;S
38666;S;
6236;S;S
45175;S;
27298;S;
50625;S;S
35691;S;
47302;S;
2058;S;
47561;S;
45020;S;
65956;S;
55953;S;
60276;S;
34990;S;S
70008;S;
47697;S;S
55193;S;
70335;S;
1826;S;
8229;S;
64568;S;S
35782;S;
17513;S;
55174;S;
35906;S;S
18076;S;S
9911;S;S
34762;S;
1572;S;S
65246;S;S
39192;S;S
68111;S;S
22535;S;S
32450;S;S
52489;S;
27487;S;S
461;S;S
1228;S;
20858;S;S
43013;S;
3872;S;S
1216;S;
13462;S;S
1370;S;S
26717;S;
13830;S;S
20640;S;S
2007;S;
20838;S;S
59967;S;S
4089;S;S
27522;S;S
7456;S;S
530;S;S
26908;S;
9587;S;S
31231;S;S
64026;S;
43476;S;
49445;S;
2128;S;S
32635;S;S
55053;S;S
23225;S;S
6298;S;S
35835;S;
65836;S;
10144;S;S
17295;S;S
67967;S;
6787;S;S
6672;S;S
35794;S;
31401;S;S
31401;S;
9968;S;S
4017;S;
1296;S;
1296;S;
9647;S;S
53426;S;S
21129;S;S
13611;S;S
7715;S;S
13018;S;S
59884;S;
32883;S;S
7192;S;S
64512;S;
13963;S;S
37817;S;S
37817;S;
55191;S;
9460;S;
39291;S;
29416;S;S
21137;S;S
5001;S;S
3955;S;
46307;S;
25007;S;S
112;S;S
2018;S;S
58813;S;
55919;S;
35589;S;S
69762;S;
38570;S;
56353;S;
15385;S;
60061;S;
4916;S;
6992;S;S
43693;S;
4794;S;S
1459;S;
17286;S;S
21109;S;S
45982;S;S
50070;S;
12520;S;S
17479;S;
43880;S;S
1043;S;S
45133;S;
2247;S;S
20527;S;S
24080;S;S
2301;S;S
61228;S;
35189;S;
18222;S;
46168;S;
21142;S;S
21120;S;S
20470;S;S
67272;S;S
22534;S;S
31302;S;
46205;S;
46205;S;
35435;S;
4148;S;
21199;S;S
65811;S;S
44704;S;S
39252;S;S
29453;S;
15200;S;S
224;S;S
7415;S;S
31307;S;
68003;S;
14328;S;S
53277;S;
35745;S;
17036;S;S
40543;S;
4225;S;S
54480;S;S
32118;S;
27991;S;
71981;S;S
35699;S;S
61599;S;
35688;S;
72104;S;
2057;S;S
20485;S;S
1904;S;S
50449;S;
7952;S;S
8599;S;S
13319;S;S
69340;S;S
1625;S;S
20648;S;S
34919;S;S
34919;S;
61761;S;S
31578;S;
5256;S;S
9998;S;S
35901;S;S
14054;S;S
59960;S;S
18591;S;S
61505;S;
8803;S;S
25405;S;
47767;S;
31469;S;
17464;S;S
50516;S;S
20644;S;S
25006;S;S
59476;S;
38928;S;S
35912;S;
13680;S;S
24708;S;S
2452;S;S
2238;S;S
21145;S;
21145;S;S
16069;S;S
13126;S;S
60253;S;
50720;S;
1931;S;S
61429;S;S
12443;S;
39172;S;S
34967;S;
35797;S;
32878;S;
18047;S;
1294;S;
9216;S;
14713;S;S
20070;S;S
64137;S;
73449;S;
47694;S;S
39511;S;
53419;S;S
4307;S;
25362;S;
26792;S;
31538;S;
1113;S;S
61263;S;S
50012;S;S
67876;S;S
5422;S;
40882;S;S
39431;S;
72135;S;
40910;S;S
55336;S;
18472;S;
73417;S;
31189;S;S
46120;S;S
67417;S;
27326;S;S
54680;S;
29336;S;S
17596;S;S
6397;S;S
28288;S;
35866;S;
35130;S;
17262;S;S
14710;S;S
4332;S;
16983;S;S
6037;S;S
40363;S;S
10333;S;S
9986;S;
26870;S;S
2006;S;
16642;S;
12521;S;S
37845;S;
9929;S;S
56000;S;
52553;S;
39030;S;
8513;S;S
22721;S;
50532;S;
35707;S;S
18482;S;
3946;S;
16258;S;S
1273;S;
52024;S;S
39399;S;S
60009;S;
56351;S;S
14211;S;S
20597;S;S
18585;S;S
8147;S;S
12696;S;S
54481;S;
21185;S;S
974;S;
9623;S;S
47893;S;
27262;S;S
34804;S;S
24084;S;
73237;S;
39508;S;S
35358;S;
2440;S;S
60349;S;S
18691;S;S
61322;S;
49250;S;
5205;S;S
2405;S;
26662;S;
27821;S;
39548;S;
16835;S;S
14431;S;
28161;S;
25088;S;S
13674;S;
24690;S;S
665;S;S
961;S;S
45320;S;S
49472;S;
49472;S;
10151;S;S
27764;S;
51456;S;
2277;S;S
54472;S;S
13428;S;S
35600;S;
14897;S;S
4438;S;S
26975;S;
26975;S;S
1835;S;
31348;S;
20987;S;S
45686;S;
66757;S;
6718;S;S
69240;S;S
55094;S;
32440;S;
18614;S;S
31484;S;S
35647;S;S
52284;S;
55895;S;
60040;S;
9467;S;S
24720;S;
15056;S;S
13253;S;S
34913;S;
56259;S;
26121;S;
64482;S;
35223;S;
5381;S;S
22799;S;
29155;S;
56293;S;S
59697;S;
32773;S;
4452;S;S
18082;S;S
56199;S;
34915;S;
8616;S;S
15144;S;
55943;S;S
31350;S;S
27732;S;S
29079;S;S
34947;S;
55888;S;S
73469;S;
68824;S;S
70254;S;
9927;S;S
56025;S;
34980;S;
5551;S;S
35896;S;S
43698;S;
47581;S;
17318;S;S
63394;S;
71851;S;
43891;S;
1939;S;S
2240;S;S
60808;S;
25906;S;
9351;S;
35860;S;
34793;S;
20171;S;
4799;S;S
53689;S;S
7537;S;S
12474;S;S
13415;S;
47800;S;S
47800;S;
35870;S;
71857;S;S
501;S;S
38948;S;S
49095;S;S
8840;S;S
18440;S;S
7961;S;S
35774;S;
61416;S;S
49943;S;
20982;S;
9517;S;
35785;S;
9905;S;S
59379;S;
27627;S;
14204;S;S
48159;S;
61580;S;S
69312;S;S
29393;S;S
53821;S;
601;S;S
16765;S;
2484;S;S
37815;S;
27131;S;
69013;S;S
1227;S;S
29467;S;
9619;S;S
14850;S;S
9697;S;
45839;S;S
49287;S;S
1363;S;S
68508;S;S
58635;S;
4216;S;
17382;S;
447;S;
15366;S;
15860;S;
56248;S;
8503;S;S
55047;S;
55047;S;
61393;S;S
61393;S;
17134;S;S
58649;S;S
67932;S;
679;S;S
56212;S;
13460;S;S
18736;S;S
52400;S;
60137;S;
20953;S;S
8627;S;S
69270;S;S
55401;S;
7687;S;
20090;S;
9892;S;S
20985;S;S
18248;S;S
35842;S;
10178;S;
17322;S;S
677;S;S
34988;S;S
66114;S;
53334;S;
14263;S;S
8266;S;S
54850;S;S
18444;S;S
35845;S;S
73238;S;
47820;S;
32260;S;
47576;S;
432;S;
48419;S;S
71412;S;
8136;S;S
7708;S;
31923;S;
59299;S;S
9396;S;S
9396;S;
18685;S;
44194;S;S
9214;S;
9961;S;S
53549;S;
8180;S;S
16740;S;S
52101;S;
4253;S;S
25129;S;
39458;S;
12701;S;S
17270;S;
69412;S;
8531;S;
17093;S;
1133;S;
34998;S;
72088;S;
2466;S;S
35884;S;S
39430;S;S
46433;S;
35692;S;
35903;S;
16698;S;
29452;S;
32456;S;
20628;S;S
67777;S;
6611;S;S
39714;S;
66166;S;S
34818;S;S
66004;S;S
20647;S;S
14081;S;S
1377;S;
60415;S;S
61345;S;
52058;S;S
40776;S;
35763;S;
18225;S;S
23077;S;
71715;S;S
5529;S;S
2255;S;S
34775;S;S
1149;S;
9636;S;
6358;S;
6877;S;
31229;S;
1259;S;
46588;S;
59288;S;S
1412;S;
29576;S;
9714;S;
35529;S;
35462;S;
28326;S;
13376;S;S
38882;S;
61893;S;
29417;S;
61290;S;
594;S;S
34759;S;S
16071;S;
3585;S;S
17575;S;S
20842;S;S
12501;S;S
29158;S;
35909;S;S
37603;S;S
23932;S;S
18089;S;
31553;S;
18284;S;
8729;S;S
71734;S;
36047;S;
3918;S;S
64913;S;S
13431;S;S
40341;S;
17172;S;S
18700;S;S
6215;S;S
20865;S;S
39496;S;
13441;S;S
60090;S;
2016;S;
61495;S;S
7426;S;S
49664;S;
36272;S;
13565;S;S
44724;S;
43626;S;S
39143;S;
25528;S;S
40393;S;S
18723;S;S
39599;S;
20599;S;S
6566;S;S
788;S;S
1802;S;
17291;S;S
21187;S;S
64514;S;
9406;S;S
18337;S;S
20927;S;S
31490;S;S
61735;S;S
20474;S;S
71605;S;S
47224;S;S
20966;S;
36268;S;S
2311;S;
17623;S;S
6980;S;S
54874;S;
37319;S;
9245;S;
58835;S;S
58784;S;
37652;S;S
50441;S;S
38650;S;
65728;S;S
20085;S;S
20414;S;
52512;S;S
17518;S;
6821;S;S
2266;S;S
2260;S;S
9306;S;
13588;S;S
65177;S;
64549;S;S
16754;S;
16754;S;
47199;S;
21644;S;S
2437;S;
2437;S;
9526;S;S
9526;S;
6230;S;S
21759;S;S
52366;S;
61377;S;S
867;S;S
48234;S;S
60358;S;S
2223;S;S
22431;S;
55221;S;
28157;S;
28157;S;
55077;S;
52726;S;
50754;S;
32283;S;
32447;S;
4755;S;S
37493;S;S
13361;S;
14292;S;S
14273;S;S
40909;S;
17082;S;
29331;S;S
43561;S;
18015;S;
5964;S;
37753;S;S
16191;S;S
72237;S;
28033;S;
29315;S;
39224;S;S
46486;S;
68711;S;S
55991;S;
27748;S;
60702;S;
35962;S;
9995;S;
37010;S;
9098;S;S
15400;S;
5433;S;S
29292;S;S
50807;S;S
63393;S;
10176;S;
48038;S;S
31503;S;
68125;S;
7634;S;S
43841;S;S
7387;S;S
40477;S;
32470;S;S
9883;S;S
21331;S;S
14137;S;
36127;S;
65173;S;S
48253;S;S
24207;S;S
21466;S;S
14162;S;S
54810;S;S
48104;S;S
37063;S;S
25764;S;S
38522;S;S
25491;S;
52724;S;S
8714;S;
46154;S;
14909;S;S
24406;S;S
36012;S;
36012;S;
27475;S;S
43730;S;S
10351;S;
14087;S;
21883;S;
2021;S;S
4442;S;S
39304;S;S
82;S;
70154;S;
51048;S;S
31255;S;
42790;S;S
25619;S;
28604;S;
22645;S;
25192;S;
746;S;S
21789;S;
986;S;S
73360;S;
56198;S;
37465;S;S
61355;S;S
39052;S;
49237;S;
60294;S;S
17264;S;
40889;S;S
10072;S;S
12710;S;S
37305;S;
1076;S;
1076;S;S
44682;S;
8552;S;S
69118;S;
48003;S;
27505;S;S
63850;S;
18048;S;S
25739;S;S
47826;S;
52070;S;S
50416;S;
4729;S;S
27614;S;S
35950;S;
27347;S;S
47630;S;S
21772;S;S
69254;S;S
21901;S;
15866;S;
39292;S;S
68854;S;
7974;S;S
37568;S;
50727;S;S
49637;S;S
37062;S;S
49348;S;S
6479;S;S
22936;S;
35987;S;
32827;S;
55681;S;
21820;S;S
29124;S;S
4760;S;S
37267;S;
54813;S;
22501;S;S
22462;S;S
61539;S;S
22539;S;
27081;S;S
27725;S;
27725;S;
31218;S;
25037;S;
61225;S;
3146;S;
2691;S;
32071;S;
14230;S;S
10259;S;
37303;S;S
46545;S;
21437;S;
476;S;
792;S;
9397;S;S
13810;S;S
38940;S;S
36487;S;
40788;S;
43546;S;
67996;S;
67816;S;
66374;S;
66374;S;
16994;S;S
37070;S;
2844;S;
3186;S;S
24975;S;
13916;S;S
37567;S;S
64958;S;S
17312;S;
2772;S;S
7455;S;S
3352;S;
46321;S;
67744;S;
29203;S;
71797;S;
3420;S;
22242;S;S
21269;S;S
29436;S;
31261;S;
31261;S;
61435;S;S
17614;S;
25806;S;S
18382;S;
46267;S;
32368;S;
24958;S;
37911;S;S
22369;S;
36059;S;
50881;S;
46104;S;
30485;S;
36094;S;S
3157;S;S
24093;S;S
60012;S;
3367;S;S
21942;S;S
32601;S;
36163;S;
25017;S;S
48178;S;S
617;S;
48009;S;
10042;S;S
15392;S;
49426;S;
53679;S;
39210;S;S
13899;S;S
37403;S;S
14002;S;S
28156;S;
47299;S;S
22563;S;S
8113;S;S
60167;S;
32406;S;S
25034;S;
3602;S;S
28245;S;
3069;S;S
9746;S;S
60017;S;S
21864;S;S
79;S;S
65925;S;S
46595;S;S
29464;S;
45908;S;
3343;S;S
23672;S;
71119;S;S
37150;S;
17578;S;S
9709;S;S
3052;S;
3052;S;S
8808;S;S
61315;S;
24760;S;S
47799;S;
3269;S;
8170;S;
8170;S;
9440;S;S
21709;S;
39279;S;
20209;S;S
2659;S;S
2659;S;
66030;S;
36005;S;
66126;S;
56300;S;
17258;S;S
17024;S;S
32771;S;S
21900;S;
5651;S;
27989;S;
37;S;
69426;S;
6619;S;
40535;S;
21797;S;S
10183;S;S
2620;S;S
3317;S;S
24075;S;S
3147;S;
18664;S;
3219;S;S
44925;S;
37047;S;
81;S;S
21730;S;S
37355;S;
3425;S;S
59919;S;
13257;S;S
25515;S;S
24824;S;S
37017;S;
36247;S;S
32304;S;
2515;S;
7506;S;S
47825;S;S
28090;S;
39250;S;S
17510;S;S
47439;S;S
66773;S;
66773;S;S
9432;S;S
38827;S;S
25360;S;S
15180;S;S
37367;S;
51002;S;
37454;S;
32371;S;S
61848;S;
36249;S;
50575;S;
38793;S;
8600;S;S
59609;S;
6085;S;S
19698;S;
3871;S;S
72029;S;
50885;S;
7732;S;S
21251;S;
10229;S;S
48040;S;S
28080;S;
6376;S;S
70092;S;
8835;S;
55075;S;
56021;S;S
68827;S;
18983;S;S
39651;S;
19248;S;
37582;S;S
133;S;
13859;S;S
32537;S;
38702;S;S
8295;S;
8438;S;S
3381;S;
25276;S;
4987;S;
14634;S;S
52754;S;
64264;S;
8521;S;S
2594;S;
3380;S;
13276;S;S
32503;S;
44657;S;
28128;S;
61590;S;S
8774;S;
36084;S;
9473;S;S
13707;S;S
30996;S;S
19416;S;
36073;S;
38674;S;
28102;S;
51346;S;S
69302;S;
18996;S;S
36276;S;S
32243;S;S
45971;S;S
52278;S;
19870;S;S
44343;S;
9659;S;S
54595;S;S
8236;S;
23947;S;S
12419;S;S
46594;S;S
5382;S;
22780;S;
58479;S;
608;S;S
2699;S;S
55017;S;S
21227;S;S
39404;S;S
29183;S;
56354;S;S
13538;S;S
40392;S;
6683;S;S
36486;S;
58754;S;
25224;S;
60257;S;
54807;S;S
13855;S;S
469;S;S
32494;S;
36169;S;
31429;S;
209;S;S
53615;S;
70203;S;
8367;S;S
27254;S;
2995;S;S
66259;S;S
36261;S;
61851;S;
28101;S;
15852;S;
15852;S;
36018;S;
28269;S;
61908;S;
9412;S;S
10187;S;S
26759;S;
37579;S;
40721;S;
59988;S;S
59988;S;
26914;S;
18919;S;S
21230;S;S
1098;S;
37180;S;
2989;S;S
32111;S;
67909;S;
3093;S;
55966;S;
62061;S;
8548;S;
3264;S;S
47960;S;S
47960;S;
2640;S;S
9634;S;S
21823;S;S
8760;S;S
4972;S;
19019;S;S
64190;S;
40843;S;
1031;S;S
49252;S;S
49252;S;
3138;S;S
36156;S;
23138;S;
9926;S;S
39271;S;S
31390;S;
63205;S;S
40436;S;S
45301;S;
73249;S;
21218;S;
36945;S;
36032;S;S
45274;S;
6104;S;S
15759;S;
39036;S;
59502;S;S
46337;S;
9593;S;S
26873;S;
50806;S;
22476;S;
3527;S;S
43975;S;
7589;S;S
27514;S;
48064;S;S
19934;S;
25526;S;S
21210;S;S
72090;S;
40332;S;S
40634;S;S
13455;S;S
6192;S;S
36196;S;
12429;S;S
68906;S;
39663;S;S
62024;S;
21439;S;
59851;S;S
65476;S;
8742;S;S
29209;S;S
17200;S;S
9278;S;S
63145;S;
69022;S;
37860;S;S
3427;S;
3225;S;S
4257;S;S
36363;S;
44924;S;S
8235;S;S
67974;S;S
71714;S;
56295;S;S
2676;S;
3086;S;S
37527;S;
48916;S;
5311;S;S
56279;S;S
56279;S;
28273;S;
52548;S;
37191;S;
47726;S;
37208;S;
7692;S;
15407;S;
37600;S;
44069;S;S
45965;S;
22477;S;S
62862;S;
3123;S;
19722;S;
22557;S;S
3325;S;S
3268;S;S
72108;S;
51009;S;
6795;S;S
51136;S;
6778;S;S
50347;S;S
69319;S;
47946;S;S
40666;S;
46292;S;
22280;S;S
53638;S;S
51978;S;
3353;S;S
36153;S;
43761;S;
44080;S;
52044;S;S
4187;S;S
36623;S;
43414;S;
37280;S;S
44759;S;S
63228;S;S
53534;S;
71773;S;
9702;S;
10132;S;S
8240;S;
8612;S;S
54682;S;
45341;S;
3526;S;S
71610;S;
8419;S;
21928;S;S
4393;S;S
61964;S;S
38855;S;
35938;S;
22996;S;
43930;S;S
3332;S;S
22562;S;
48031;S;S
62163;S;S
8453;S;
37357;S;
27660;S;
65796;S;
49760;S;
70169;S;
8504;S;S
22454;S;S
62017;S;
9378;S;S
36251;S;
22463;S;S
18937;S;S
23205;S;S
678;S;S
56019;S;
56168;S;S
37026;S;S
15073;S;S
9374;S;S
3410;S;
3410;S;S
2851;S;S
3252;S;S
47796;S;
71663;S;
27512;S;S
19997;S;
55028;S;
37804;S;
37329;S;
37521;S;S
55027;S;
68908;S;
37448;S;
24475;S;S
51031;S;
51031;S;
46515;S;
46174;S;
35956;S;S
32184;S;
53803;S;
21792;S;S
37110;S;
27726;S;
49819;S;S
64426;S;S
73409;S;
24178;S;S
32865;S;
14841;S;S
73347;S;S
54960;S;S
40085;S;
39993;S;
28044;S;
49789;S;
54948;S;
69212;S;S
64194;S;S
2578;S;S
38699;S;
37511;S;S
3942;S;
37462;S;S
8827;S;S
3344;S;S
3323;S;S
12601;S;S
64024;S;
31054;S;S
31054;S;
61969;S;
36989;S;S
62884;S;
62103;S;S
6251;S;S
12727;S;
37560;S;S
28190;S;
32741;S;
5915;S;S
47775;S;
53699;S;
39306;S;
43459;S;S
28222;S;
46278;S;
7378;S;S
3478;S;
48238;S;S
52657;S;
52657;S;
51022;S;
13867;S;S
13867;S;
21763;S;
37581;S;
9802;S;
56251;S;S
40712;S;
115;S;S
32312;S;
17068;S;S
3929;S;S
28624;S;
37148;S;S
68856;S;
40907;S;
21833;S;S
27362;S;S
71968;S;
3437;S;
5054;S;S
22385;S;S
27468;S;S
24948;S;S
25133;S;S
697;S;S
18906;S;
9909;S;
37345;S;S
40798;S;
55082;S;
1008;S;
49719;S;
55074;S;
9558;S;S
19688;S;
16023;S;
16707;S;S
10152;S;S
22304;S;
63446;S;S
5464;S;S
9521;S;S
4063;S;
3520;S;S
14331;S;S
60025;S;S
69035;S;S
36233;S;S
24819;S;S
19951;S;S
39108;S;
7885;S;S
55108;S;S
37870;S;S
5235;S;S
4475;S;
2986;S;S
1033;S;
25175;S;
9894;S;S
24809;S;S
37172;S;
71626;S;
31441;S;S
62943;S;S
55997;S;S
17257;S;S
19388;S;S
17029;S;
25002;S;S
18907;S;
18907;S;
5914;S;S
8804;S;S
39376;S;S
39376;S;
17180;S;S
947;S;S
36966;S;S
37809;S;
48659;S;
9410;S;
62904;S;S
71676;S;
176;S;S
176;S;
37059;S;
9181;S;
40826;S;S
49446;S;
16066;S;
40664;S;
4420;S;
5223;S;S
64567;S;S
49520;S;
21207;S;S
19340;S;S
21770;S;
28060;S;
36748;S;
6374;S;S
55010;S;
19669;S;
190;S;
64968;S;S
25816;S;S
71911;S;
25159;S;S
13647;S;S
32386;S;
6467;S;S
15920;S;S
4389;S;S
22241;S;S
9498;S;S
61981;S;
49806;S;S
37300;S;
22102;S;S
19502;S;
21648;S;S
22492;S;S
73296;S;
38884;S;S
64988;S;S
478;S;
25215;S;S
22100;S;
12688;S;S
52391;S;
37343;S;
8539;S;S
30960;S;
46250;S;S
37281;S;
50647;S;S
47928;S;
67727;S;S
40462;S;
32448;S;
38734;S;
19618;S;
13495;S;S
3543;S;S
19472;S;S
23976;S;S
31394;S;
8629;S;
12495;S;S
28738;S;
3716;S;
39261;S;
13337;S;S
71645;S;S
13395;S;S
42706;S;
36010;S;
71623;S;S
12402;S;S
2523;S;S
39637;S;S
7771;S;S
37664;S;
29160;S;
32709;S;
15166;S;S
25484;S;S
25484;S;
37748;S;
42696;S;
4156;S;S
40612;S;
52475;S;
45831;S;
21306;S;
21264;S;
40835;S;
40264;S;
5523;S;S
7846;S;S
3028;S;S
22670;S;
1027;S;
181;S;S
37356;S;
67159;S;
68843;S;
24324;S;S
28264;S;
8478;S;S
45853;S;
53606;S;
36955;S;
45265;S;S
32826;S;
22503;S;S
64641;S;
6551;S;
15145;S;S
52290;S;
26421;S;
37463;S;
36166;S;
36166;S;S
36971;S;
37515;S;S
45308;S;
42690;S;
32284;S;
37396;S;S
4005;S;S
6121;S;
3319;S;S
32343;S;
22455;S;S
63010;S;S
67982;S;S
5582;S;S
63019;S;
57238;S;
2996;S;S
9819;S;
19437;S;S
2579;S;
31265;S;
51968;S;S
4395;S;S
22101;S;S
37514;S;
35936;S;
19967;S;
52323;S;
37787;S;S
50784;S;S
39105;S;S
4029;S;S
42536;S;
24872;S;
3251;S;S
59691;S;
51945;S;
3023;S;S
52443;S;
15397;S;
42686;S;
24955;S;S
53904;S;
40885;S;
31617;S;
3113;S;S
37570;S;
19408;S;S
32316;S;
6274;S;S
21809;S;
51141;S;
1092;S;S
46215;S;
45141;S;S
7848;S;S
53378;S;S
67911;S;S
39268;S;
2980;S;
57482;S;
64018;S;S
32631;S;
44786;S;
56585;S;
9688;S;S
48067;S;
19689;S;S
7569;S;S
54621;S;S
46428;S;
46482;S;
28179;S;S
22133;S;S
36220;S;S
24516;S;
13910;S;S
40065;S;
17065;S;S
21957;S;S
65034;S;
46240;S;
5306;S;
32496;S;S
40517;S;S
9581;S;S
36258;S;S
5242;S;S
3459;S;
40385;S;
47732;S;
12509;S;S
19983;S;S
27405;S;
69766;S;
47722;S;S
37460;S;
59963;S;
22720;S;
50817;S;S
15179;S;S
10337;S;S
64148;S;
19979;S;S
37075;S;S
3342;S;
69918;S;S
15070;S;S
40655;S;
14739;S;S
25019;S;
62085;S;S
3358;S;S
27307;S;S
17044;S;
4080;S;S
4080;S;
25180;S;S
5300;S;S
48252;S;
71643;S;S
46550;S;
46550;S;S
49320;S;S
13863;S;S
54793;S;
36072;S;
37546;S;S
19364;S;S
57642;S;S
10243;S;S
37545;S;S
42634;S;
2608;S;S
2564;S;S
46252;S;S
54799;S;
17254;S;S
9372;S;S
57221;S;S
18814;S;
36101;S;
10139;S;
48229;S;
3117;S;S
9309;S;
15983;S;S
4270;S;S
29357;S;
27500;S;S
3517;S;S
43826;S;
42400;S;
71545;S;
60018;S;
15817;S;S
26854;S;S
18757;S;S
68841;S;
49655;S;
19507;S;S
42262;S;
3339;S;S
5947;S;S
3097;S;S
22485;S;S
70265;S;
15379;S;S
9207;S;S
43828;S;
3207;S;S
22510;S;S
5589;S;S
28086;S;S
54519;S;
22691;S;S
36148;S;
31266;S;
31266;S;
3035;S;
38860;S;
25045;S;S
25809;S;
73484;S;
7391;S;S
47815;S;
16908;S;
16655;S;
42236;S;S
3169;S;
25268;S;
31289;S;
64294;S;S
45120;S;
50820;S;
10330;S;S
47741;S;
36038;S;S
36038;S;
47940;S;
47940;S;S
14751;S;S
17033;S;
71915;S;
41238;S;S
22295;S;S
14980;S;S
2730;S;
67384;S;S
175;S;
41776;S;S
56434;S;
25196;S;S
46049;S;
45043;S;
3394;S;
50987;S;
19391;S;S
65642;S;
32800;S;
36151;S;S
36151;S;
4786;S;
12403;S;S
54629;S;S
21835;S;S
3963;S;
65100;S;
42377;S;S
46270;S;
38733;S;
67151;S;
37472;S;
47552;S;
42266;S;
63297;S;S
64621;S;S
10316;S;S
22446;S;S
17225;S;S
57484;S;S
13848;S;S
23918;S;
19394;S;
46396;S;S
25143;S;S
52043;S;
52503;S;
3461;S;S
45027;S;S
31361;S;
49533;S;S
59485;S;
31294;S;S
14387;S;S
54468;S;
5459;S;S
48988;S;
35965;S;S
22341;S;S
24099;S;
64189;S;S
3435;S;S
32757;S;
8615;S;S
49028;S;S
22427;S;S
46893;S;S
65845;S;S
32389;S;S
37653;S;S
68850;S;
68850;S;
13483;S;S
41105;S;
3085;S;
57679;S;S
62140;S;
2625;S;S
8510;S;S
37359;S;
37359;S;
9875;S;S
9875;S;
42256;S;
63152;S;S
2571;S;S
5448;S;S
68817;S;
3369;S;S
45891;S;
21816;S;S
6224;S;S
36065;S;S
71366;S;S
985;S;S
9878;S;S
24532;S;S
71814;S;S
2637;S;S
5355;S;S
57475;S;
59431;S;S
62176;S;
57177;S;S
25401;S;S
69222;S;S
13070;S;S
32636;S;
57649;S;S
8863;S;S
39047;S;S
40979;S;S
9919;S;S
3455;S;
14696;S;S
982;S;S
9667;S;S
21217;S;
48955;S;
22403;S;S
19350;S;S
21985;S;
7855;S;
47646;S;
8814;S;S
5602;S;S
59957;S;
10267;S;S
24225;S;
6859;S;S
45288;S;S
15316;S;
10141;S;
10141;S;
30435;S;S
25012;S;
24128;S;
27577;S;
52559;S;
2687;S;S
27967;S;
8355;S;
37468;S;
19704;S;
8128;S;S
16119;S;S
42475;S;S
22903;S;S
22119;S;S
31331;S;
66378;S;S
3000;S;S
31310;S;
31506;S;
21787;S;S
67298;S;
65710;S;S
21417;S;S
42240;S;S
3519;S;S
45264;S;
37422;S;S
6642;S;
3258;S;
42505;S;S
25014;S;
12648;S;S
37608;S;
37369;S;
6680;S;S
37323;S;S
21407;S;S
8431;S;S
56378;S;
44014;S;S
3432;S;
25790;S;
25247;S;
8866;S;S
42100;S;S
8590;S;S
70233;S;S
14349;S;S
17105;S;
41225;S;
66220;S;S
31087;S;
35984;S;
52480;S;
43834;S;
46268;S;
24290;S;S
37105;S;S
52491;S;
16118;S;
51452;S;S
51114;S;S
51005;S;
24829;S;
14653;S;S
42329;S;
16867;S;S
57197;S;
50947;S;S
56524;S;S
36175;S;
2621;S;S
46327;S;
38729;S;
3087;S;S
68110;S;S
61967;S;S
59575;S;
52586;S;
46286;S;
10185;S;S
19868;S;
62975;S;
37341;S;
47298;S;S
50907;S;
4938;S;S
62907;S;
9553;S;S
59685;S;
21894;S;S
49177;S;
42371;S;S
49781;S;S
16770;S;S
71620;S;
29323;S;
37571;S;
5956;S;S
222;S;S
24091;S;S
10343;S;S
70164;S;
7694;S;
3449;S;S
47590;S;
2561;S;
32884;S;S
7949;S;S
59818;S;
22249;S;S
32838;S;
42391;S;S
16223;S;
9722;S;
62918;S;
60013;S;S
48909;S;
13463;S;S
9852;S;S
37583;S;S
67833;S;
1096;S;S
47969;S;
5197;S;S
25761;S;
6378;S;S
3400;S;S
11;S;S
4138;S;
57179;S;S
27293;S;
49591;S;
9893;S;
18872;S;S
38707;S;
52499;S;S
63291;S;S
52176;S;
3257;S;S
3440;S;S
2673;S;
71746;S;S
25108;S;
71373;S;
54924;S;S
10303;S;S
29457;S;
29441;S;
10323;S;
8685;S;S
47190;S;
5225;S;S
4066;S;S
19727;S;
32311;S;S
27999;S;
29300;S;
22451;S;S
24366;S;
67729;S;
22104;S;S
21337;S;
22248;S;S
29462;S;
52486;S;S
69246;S;
51791;S;
19998;S;S
49124;S;S
22636;S;
136;S;S
37388;S;
37469;S;
53403;S;
53858;S;S
41916;S;S
3351;S;S
21205;S;S
38873;S;
37207;S;S
19856;S;S
71317;S;S
27530;S;
26877;S;
73411;S;S
62122;S;
24050;S;
8506;S;S
6284;S;S
59304;S;
22512;S;S
63995;S;
50819;S;
39285;S;
35959;S;
3338;S;S
22231;S;S
22496;S;S
14939;S;
16024;S;
66080;S;S
32752;S;
3309;S;S
39168;S;
46531;S;
68107;S;
29387;S;
2544;S;
68232;S;S
32244;S;
54949;S;S
36152;S;
41191;S;
45768;S;
41264;S;
3415;S;
28228;S;S
46656;S;
23148;S;
72696;S;
7704;S;
67117;S;S
15826;S;
12893;S;
36164;S;
19849;S;S
17298;S;S
42698;S;
21974;S;
63306;S;
63227;S;S
36140;S;
24305;S;
52271;S;
57015;S;
7946;S;S
942;S;S
2575;S;S
37576;S;
37487;S;
41799;S;
24065;S;S
69277;S;
37334;S;S
62023;S;
63399;S;S
50758;S;
6144;S;S
896;S;S
42281;S;
51086;S;
147;S;
9556;S;S
42500;S;S
13494;S;S
6558;S;
28271;S;S
6833;S;S
3932;S;S
21931;S;S
54839;S;
42314;S;
44690;S;S
19891;S;S
4301;S;S
50684;S;S
62969;S;S
19834;S;S
25254;S;S
56663;S;
7617;S;S
6201;S;S
22319;S;S
42417;S;
22268;S;S
67838;S;S
2606;S;S
21828;S;S
52082;S;
27793;S;S
19379;S;
57347;S;S
13698;S;S
8658;S;S
42175;S;S
65125;S;S
59983;S;
9650;S;S
31392;S;S
65783;S;S
19882;S;
24881;S;S
12406;S;S
8507;S;S
6136;S;
51451;S;
53935;S;S
25214;S;S
57571;S;
50034;S;S
71727;S;
6528;S;S
23222;S;
41982;S;S
62814;S;
3914;S;
3914;S;S
42114;S;
4999;S;S
22123;S;
41084;S;
42107;S;S
27717;S;S
3385;S;S
46036;S;
24019;S;S
67188;S;S
3084;S;S
7991;S;S
64596;S;S
5101;S;S
41928;S;
31463;S;
9141;S;
28482;S;S
42791;S;S
6139;S;
42547;S;
18838;S;
27646;S;S
32759;S;S
28225;S;S
73307;S;S
52715;S;
21645;S;S
39154;S;S
9922;S;S
63855;S;
5610;S;S
23010;S;S
39187;S;S
6410;S;S
29534;S;
41030;S;
66033;S;S
38802;S;S
29413;S;S
46212;S;
630;S;
6422;S;S
6228;S;S
6113;S;S
71510;S;S
31396;S;
31396;S;S
12637;S;
49801;S;S
5953;S;S
6625;S;
31435;S;
13868;S;S
37743;S;S
71862;S;S
63317;S;
24012;S;
56372;S;
41266;S;
63410;S;
22377;S;S
5660;S;S
57382;S;
57196;S;S
17259;S;
22261;S;S
46025;S;
32830;S;S
7565;S;
7565;S;S
6829;S;S
41869;S;S
63288;S;S
9433;S;S
22334;S;S
42243;S;
38868;S;S
6402;S;
42375;S;S
9327;S;S
6172;S;S
42408;S;
72040;S;
10177;S;
22068;S;
5981;S;S
42473;S;
17185;S;
131;S;S
28123;S;
42526;S;S
21216;S;S
39151;S;
53458;S;
32792;S;
42229;S;S
29333;S;
6548;S;S
6852;S;
6038;S;
15138;S;S
49753;S;
6437;S;S
13341;S;S
4239;S;
4239;S;S
5776;S;S
53618;S;
42389;S;
6266;S;S
6417;S;S
71829;S;S
10271;S;S
70256;S;
32245;S;
6193;S;S
25160;S;S
7682;S;S
23957;S;
42316;S;
5911;S;
66771;S;
41149;S;
41149;S;
66741;S;
50451;S;
27772;S;
5466;S;S
56578;S;
9670;S;S
50481;S;
5196;S;
15256;S;
5506;S;
29188;S;S
19702;S;S
6656;S;S
29445;S;S
9743;S;
65807;S;S
8823;S;S
19987;S;S
22312;S;S
10350;S;S
22642;S;
6585;S;
6585;S;S
9645;S;S
41998;S;
71729;S;
8565;S;S
8829;S;
4146;S;
20022;S;S
6058;S;S
14655;S;
19715;S;S
63319;S;
16211;S;
8602;S;S
49590;S;
6674;S;S
6482;S;S
8481;S;S
42464;S;S
66120;S;S
42444;S;
41129;S;S
42398;S;
58842;S;
38800;S;
7420;S;S
10249;S;S
28555;S;S
34331;S;
6604;S;
7877;S;S
5968;S;
66677;S;S
19724;S;
22052;S;
41954;S;
42506;S;
68825;S;
6222;S;S
22062;S;S
22062;S;
62605;S;S
56841;S;S
22083;S;
6014;S;S
41212;S;S
42112;S;S
39270;S;S
42023;S;
42074;S;
62974;S;S
25174;S;S
52496;S;
34464;S;
5587;S;S
29383;S;
5972;S;
63266;S;
9703;S;S
42054;S;
38839;S;S
42604;S;
29693;S;
8188;S;
37726;S;S
22507;S;S
42494;S;
5907;S;S
47187;S;
7619;S;
68921;S;S
19746;S;S
49486;S;
42147;S;
6116;S;S
1036;S;S
41899;S;
41985;S;
38001;S;
42224;S;
42092;S;S
607;S;S
17235;S;S
6587;S;
25000;S;S
42489;S;
29377;S;
174;S;S
13244;S;S
41937;S;
53677;S;S
45079;S;
9224;S;S
5556;S;
42126;S;
44799;S;
37819;S;
63209;S;S
24073;S;S
22991;S;S
49756;S;
9567;S;
49044;S;S
34232;S;
66089;S;
22509;S;S
9855;S;S
42234;S;
42379;S;
42379;S;
17067;S;S
19373;S;S
10248;S;
22093;S;S
25804;S;
22114;S;S
16907;S;S
4906;S;
21314;S;S
13629;S;S
29113;S;S
5979;S;S
65754;S;S
62256;S;
3969;S;
21400;S;S
6134;S;
69917;S;
19709;S;S
5465;S;S
6421;S;S
9689;S;S
15188;S;S
6098;S;S
62992;S;S
66847;S;
9890;S;
43428;S;
42441;S;S
9530;S;S
41952;S;S
47699;S;S
6542;S;S
26778;S;
42522;S;S
14740;S;S
54722;S;S
13548;S;S
13689;S;S
42044;S;S
41824;S;S
41980;S;
24707;S;S
42374;S;
38769;S;
57680;S;
39125;S;S
6239;S;S
5545;S;S
29435;S;
71783;S;
62183;S;
3938;S;
42214;S;
67860;S;S
42443;S;S
3573;S;S
164;S;S
57481;S;
69258;S;S
9489;S;
43806;S;
51819;S;
34071;S;
63140;S;S
29398;S;
10143;S;S
6369;S;S
16140;S;
62018;S;
69754;S;S
7841;S;S
29283;S;S
49421;S;
51999;S;S
5912;S;
5581;S;S
16818;S;
22262;S;S
43465;S;
49809;S;S
3603;S;S
34441;S;
6225;S;S
21897;S;
15142;S;S
6173;S;S
41087;S;
3919;S;S
9195;S;S
29595;S;
34133;S;S
19799;S;S
6361;S;S
49568;S;
43540;S;
23261;S;S
54701;S;
20023;S;S
10295;S;S
42254;S;S
41039;S;
64118;S;S
6356;S;
42308;S;
39243;S;S
6383;S;S
63287;S;
62116;S;
66639;S;
5512;S;S
7789;S;S
17198;S;S
19699;S;
41942;S;S
8746;S;S
43594;S;
62643;S;
45090;S;
9913;S;
46175;S;
54879;S;
57480;S;S
66031;S;
23912;S;S
57639;S;
57589;S;S
38669;S;
118;S;S
9588;S;S
5535;S;S
6790;S;S
66318;S;S
41016;S;
38944;S;S
42028;S;
42028;S;
39208;S;
46201;S;
42502;S;S
59355;S;
17035;S;S
64440;S;S
33070;S;
10104;S;S
19577;S;S
47282;S;
42466;S;S
38823;S;
15286;S;S
57184;S;S
53665;S;
57485;S;S
5093;S;S
42515;S;
6131;S;
32914;S;
25787;S;S
25272;S;S
54806;S;
6540;S;S
73096;S;S
26976;S;S
33137;S;S
14955;S;S
37909;S;
47999;S;
57568;S;
12376;S;S
10512;S;S
5653;S;S
19573;S;S
19573;S;
59434;S;
17048;S;
11952;S;S
22513;S;
16133;S;
62015;S;S
41276;S;S
12297;S;
42767;S;
52401;S;
29701;S;
21652;S;S
41873;S;S
5531;S;
15982;S;
53673;S;S
39255;S;
8477;S;
23909;S;S
43742;S;
42465;S;
52011;S;
42451;S;
41215;S;
6536;S;
43868;S;S
39093;S;
3628;S;S
70351;S;
41950;S;S
45303;S;
13914;S;S
54875;S;
65842;S;
12048;S;S
29567;S;
41148;S;
11379;S;S
12490;S;
42144;S;
41140;S;S
42530;S;S
15990;S;
42405;S;S
42387;S;
65738;S;
22205;S;
22078;S;S
57295;S;S
42520;S;
34617;S;S
6028;S;
21841;S;S
42052;S;S
42095;S;
6162;S;S
40929;S;S
34601;S;
6545;S;
23904;S;S
12389;S;S
11771;S;
12382;S;S
62846;S;S
62846;S;
22363;S;S
41955;S;S
64132;S;S
6400;S;
57658;S;S
11230;S;S
5044;S;S
69114;S;
6045;S;S
57379;S;
41896;S;
6433;S;S
43912;S;
28684;S;S
41257;S;S
13363;S;S
13363;S;
71630;S;
71630;S;
143;S;S
4437;S;S
22234;S;S
66718;S;
16823;S;
19789;S;
5152;S;S
45046;S;
5483;S;S
50798;S;
22098;S;
22098;S;S
29427;S;
20030;S;S
63476;S;S
34196;S;S
6650;S;
52527;S;
42594;S;S
63311;S;S
21379;S;S
17178;S;
42383;S;
16050;S;
17031;S;S
25163;S;S
5950;S;S
27244;S;
57706;S;
6022;S;S
41883;S;
6385;S;S
69134;S;S
66067;S;
34750;S;S
63229;S;
59865;S;S
12512;S;S
21365;S;S
65120;S;
18744;S;S
42524;S;S
72138;S;
20024;S;S
22215;S;
5228;S;S
5292;S;S
21579;S;S
41863;S;S
69033;S;
24786;S;S
6052;S;
10405;S;S
40755;S;
6532;S;
22269;S;S
11927;S;S
11710;S;
6616;S;S
62252;S;
49811;S;
5127;S;S
27647;S;S
42125;S;S
25144;S;S
34728;S;S
34745;S;
62867;S;S
6071;S;
11147;S;
16866;S;S
63380;S;S
17174;S;S
11468;S;
19549;S;S
42517;S;S
64575;S;
39572;S;S
1030;S;
11233;S;S
11494;S;
4995;S;
21183;S;S
19397;S;S
47625;S;S
46302;S;
67913;S;S
8319;S;S
42001;S;S
22147;S;S
66051;S;S
12331;S;S
16651;S;
22236;S;S
56392;S;
42528;S;S
42488;S;S
65666;S;
27323;S;
10696;S;S
41948;S;S
25240;S;S
62851;S;
19524;S;
12549;S;S
47788;S;S
19459;S;S
47370;S;
43470;S;
4985;S;
4024;S;S
34191;S;
16088;S;S
50584;S;
11980;S;S
22082;S;S
53785;S;S
52;S;S
40973;S;
16814;S;
16814;S;
10625;S;S
66130;S;S
73454;S;
57692;S;
3870;S;S
22474;S;S
46528;S;
47772;S;S
46037;S;S
34739;S;S
16031;S;
13294;S;S
5230;S;S
44055;S;
59876;S;
12185;S;S
57515;S;
24015;S;
24940;S;
5078;S;S
5078;S;
40731;S;S
4070;S;S
26925;S;
18846;S;
24227;S;S
69129;S;
19467;S;S
22395;S;
23033;S;S
63290;S;
34065;S;
34065;S;
11929;S;S
11955;S;
42320;S;
6721;S;S
19890;S;
43619;S;
34281;S;
12367;S;S
44766;S;
21442;S;S
21442;S;
42532;S;S
45130;S;
40733;S;
71827;S;
34248;S;S
10723;S;S
40922;S;
66368;S;
62159;S;S
173;S;S
73318;S;
42369;S;S
21486;S;
11280;S;S
19422;S;
41167;S;
42098;S;
47373;S;
7734;S;
5011;S;S
42232;S;
34571;S;
16811;S;
14759;S;
14759;S;S
42535;S;S
233;S;S
892;S;S
27648;S;S
54842;S;
42538;S;
47371;S;
54952;S;S
16763;S;S
42291;S;
41271;S;S
15858;S;S
11738;S;S
41113;S;
11935;S;S
48954;S;S
59677;S;
44995;S;
63129;S;S
34677;S;
34677;S;
40527;S;S
47754;S;S
49784;S;S
19500;S;S
42534;S;S
24067;S;S
5112;S;
466;S;S
62903;S;
24182;S;
15327;S;S
22311;S;S
13796;S;S
5248;S;S
54783;S;
68812;S;S
7384;S;
50657;S;
10622;S;
23040;S;S
22422;S;S
34430;S;
42386;S;S
42386;S;
47589;S;
40408;S;
16661;S;S
10357;S;S
46350;S;
62782;S;
54886;S;
71823;S;
46749;S;
53703;S;
11774;S;S
49447;S;
21783;S;
21656;S;S
41957;S;
15870;S;
26968;S;S
28046;S;
19526;S;
34085;S;S
19955;S;S
34558;S;
16831;S;S
25243;S;
42372;S;S
19780;S;S
46312;S;S
27483;S;S
59670;S;S
63214;S;
13372;S;S
766;S;S
16037;S;S
19592;S;S
42053;S;S
63315;S;S
71852;S;S
45329;S;
4142;S;
13575;S;S
25271;S;S
42358;S;
34561;S;
12613;S;S
16919;S;S
49540;S;S
5371;S;
10400;S;
22490;S;S
27109;S;
12338;S;S
13813;S;S
40981;S;S
71212;S;
20007;S;S
69907;S;S
50808;S;S
3556;S;
22560;S;
17263;S;
41115;S;
11378;S;S
10555;S;S
11375;S;
13110;S;S
24220;S;
67870;S;
67870;S;S
48080;S;
57372;S;S
19560;S;S
40984;S;
21435;S;S
16808;S;
66109;S;S
57202;S;
6552;S;
7786;S;S
24433;S;
24433;S;S
66574;S;
64010;S;S
54899;S;S
12205;S;S
25285;S;S
17199;S;S
42226;S;S
5083;S;S
11747;S;S
19465;S;
862;S;S
26663;S;
62249;S;S
57668;S;
21284;S;
66307;S;S
30518;S;S
22442;S;S
10401;S;S
40893;S;S
40914;S;S
13451;S;S
27623;S;S
27623;S;
64202;S;
4119;S;
4119;S;
34307;S;S
65851;S;
43914;S;
43914;S;
65853;S;
43832;S;S
66385;S;
67726;S;
43750;S;
25237;S;
11324;S;S
21971;S;S
41177;S;
41146;S;S
71731;S;
42401;S;
765;S;S
30623;S;
21976;S;S
52317;S;
69249;S;
685;S;S
19969;S;S
12181;S;S
24232;S;S
42106;S;S
12713;S;S
49861;S;
19557;S;S
11766;S;S
39445;S;
30413;S;
42392;S;S
30986;S;S
42221;S;
30276;S;
42315;S;
42208;S;S
41183;S;
31030;S;
27503;S;
15137;S;S
15137;S;
52573;S;
15276;S;S
42273;S;S
42273;S;
8225;S;S
40842;S;
62824;S;
24158;S;S
31101;S;S
38700;S;
44967;S;
41041;S;
8198;S;S
19538;S;S
41207;S;
19982;S;
46200;S;S
6394;S;S
31107;S;
64548;S;S
13623;S;S
11316;S;
27366;S;
19733;S;S
19733;S;
41953;S;S
40799;S;
42241;S;S
52399;S;
66149;S;S
14752;S;S
12244;S;
22407;S;
14635;S;S
10478;S;S
7487;S;S
11908;S;S
8260;S;S
15062;S;S
21324;S;S
29799;S;
29644;S;
66110;S;S
62248;S;
46301;S;
4989;S;S
57638;S;S
3972;S;
34708;S;
64930;S;
29862;S;
11173;S;S
30826;S;S
30523;S;
72089;S;
11703;S;S
49481;S;
10412;S;S
4131;S;
70063;S;
27486;S;
27486;S;
52632;S;S
4827;S;S
63313;S;S
10483;S;S
49427;S;S
69836;S;
135;S;S
10425;S;S
3555;S;
52073;S;
71928;S;S
22096;S;S
14083;S;
27017;S;
10580;S;S
24466;S;
10640;S;S
20013;S;
11512;S;S
46299;S;
54547;S;
46261;S;
52741;S;
5244;S;S
19737;S;S
31131;S;
25184;S;S
22891;S;
34409;S;
3549;S;
7695;S;
5267;S;S
40784;S;S
73498;S;
16090;S;S
67958;S;
56443;S;S
29785;S;
10376;S;S
31022;S;
19466;S;
6971;S;S
64896;S;
11214;S;S
11566;S;S
53409;S;
29672;S;
45041;S;S
10710;S;
31135;S;S
49870;S;
13120;S;
29599;S;
25517;S;
46507;S;S
46507;S;
10620;S;
21775;S;S
31008;S;
42544;S;
12397;S;S
22237;S;S
30536;S;
4374;S;S
21821;S;S
8233;S;
22420;S;
11383;S;S
54693;S;
34541;S;
21798;S;S
49401;S;S
30256;S;S
30658;S;
34727;S;S
34338;S;
4188;S;S
11694;S;S
11938;S;S
19462;S;S
70276;S;S
62106;S;
30127;S;
46519;S;
29606;S;S
29801;S;
68851;S;
68851;S;
11723;S;S
27666;S;S
4232;S;S
20021;S;
16858;S;S
22412;S;S
8452;S;S
12372;S;S
53683;S;S
15414;S;
34284;S;S
62621;S;S
15069;S;S
49867;S;S
10600;S;S
779;S;S
67858;S;
30984;S;
57570;S;S
30517;S;
11668;S;
30809;S;S
22051;S;S
7680;S;S
21223;S;
30966;S;
11915;S;S
71638;S;
57548;S;S
22266;S;S
38752;S;
19647;S;
721;S;
50678;S;
40518;S;S
46521;S;
15239;S;S
22293;S;S
62147;S;S
22117;S;
5385;S;
30613;S;
4086;S;S
54955;S;S
38916;S;S
30514;S;S
24901;S;
68777;S;
63204;S;
22467;S;S
63325;S;S
11323;S;S
38911;S;S
11228;S;S
12370;S;
22144;S;
11496;S;
54521;S;
7741;S;S
15159;S;S
30858;S;
12165;S;S
46338;S;
68783;S;S
7791;S;S
7879;S;S
54823;S;S
59846;S;
59846;S;
5455;S;S
30541;S;
12096;S;
62910;S;S
11721;S;S
30673;S;S
29683;S;
45132;S;
11943;S;S
21831;S;S
19853;S;S
11275;S;S
47780;S;
4015;S;S
29750;S;
16213;S;S
27630;S;
40481;S;
54821;S;
60024;S;S
11750;S;S
11598;S;S
24803;S;S
30434;S;
25208;S;
16932;S;
52375;S;S
11755;S;
13377;S;
967;S;S
46264;S;
18793;S;
57569;S;S
21413;S;
11551;S;S
28035;S;
60019;S;
4027;S;S
12023;S;
12378;S;S
69055;S;
69055;S;S
29632;S;
59458;S;
34444;S;
24504;S;S
42132;S;
11681;S;
66105;S;
24328;S;
10899;S;S
19978;S;S
21853;S;S
53932;S;
4915;S;S
19454;S;
34139;S;S
65809;S;
17194;S;S
22554;S;
44649;S;
62049;S;
62049;S;S
11682;S;S
57635;S;
9662;S;
62785;S;
30881;S;
34713;S;
47594;S;
30964;S;
629;S;
21940;S;
53560;S;
63177;S;
30730;S;
40904;S;S
29677;S;
27238;S;S
687;S;S
31069;S;
46277;S;
14790;S;
29697;S;S
30439;S;
6365;S;S
14042;S;S
29491;S;
8332;S;
19393;S;
11584;S;
713;S;
713;S;S
11692;S;S
49103;S;
22271;S;
6287;S;S
29646;S;
34608;S;
12168;S;S
12229;S;S
53661;S;S
16928;S;
58521;S;
49764;S;
19869;S;
11406;S;S
27952;S;S
31132;S;S
33206;S;
45087;S;
39467;S;
22305;S;S
45311;S;
12207;S;
12207;S;
58808;S;
30851;S;
39039;S;
68823;S;S
68823;S;
5006;S;
1074;S;
43804;S;S
11992;S;S
19426;S;
56369;S;S
30995;S;S
22112;S;
45954;S;
14207;S;S
54805;S;S
25164;S;S
10670;S;
33173;S;
13151;S;
57309;S;
10524;S;S
30587;S;
71803;S;
666;S;S
13908;S;S
45279;S;
69167;S;S
12144;S;S
30003;S;
57655;S;
64119;S;
24710;S;
30617;S;
62915;S;
43528;S;
57543;S;S
22437;S;S
10368;S;S
12328;S;S
52294;S;
48939;S;S
43867;S;
6280;S;S
7900;S;S
19691;S;
11785;S;S
43933;S;S
11991;S;
62098;S;
4542;S;
57406;S;
52005;S;S
57284;S;
52382;S;S
40346;S;
10494;S;S
64050;S;S
40877;S;S
31113;S;
52191;S;
30478;S;
12021;S;
12021;S;S
6411;S;
42789;S;
31118;S;
63349;S;S
57234;S;
43825;S;S
69420;S;S
11473;S;
11473;S;
12323;S;S
40895;S;S
29574;S;
14665;S;S
19988;S;S
69916;S;S
4238;S;S
19693;S;S
52396;S;
52569;S;S
29545;S;
63104;S;S
8330;S;
11904;S;S
15980;S;
12094;S;
63038;S;S
31106;S;
52141;S;
10489;S;
13924;S;S
25523;S;
61971;S;
11909;S;S
10602;S;S
11477;S;
54941;S;
19675;S;
67427;S;S
11643;S;
25171;S;
30774;S;S
15937;S;
11739;S;S
53623;S;S
12025;S;S
24764;S;
50900;S;
6398;S;S
54891;S;S
22400;S;S
22504;S;S
43907;S;S
47719;S;
40779;S;
31033;S;S
34654;S;
12079;S;
11794;S;S
48144;S;
6271;S;S
52390;S;
19884;S;S
60011;S;
15213;S;S
29478;S;S
54925;S;S
12175;S;S
22244;S;S
63526;S;S
13890;S;S
29476;S;
11192;S;S
27695;S;
12085;S;S
62;S;S
24959;S;S
54895;S;
31133;S;
21863;S;S
24943;S;
67960;S;
19530;S;S
57699;S;
64135;S;
63221;S;
65126;S;S
899;S;S
30569;S;
10601;S;S
16228;S;S
72024;S;S
50797;S;
67993;S;
40442;S;
10705;S;S
47248;S;
196;S;
48015;S;S
11957;S;
8245;S;S
42727;S;
11568;S;
14806;S;S
11171;S;S
30983;S;
7629;S;S
22274;S;S
30501;S;
4998;S;S
12011;S;S
27624;S;
47579;S;
62825;S;S
4939;S;S
14072;S;S
70545;S;S
21848;S;
43719;S;
12017;S;S
12017;S;
10365;S;S
12172;S;
8149;S;
22483;S;S
12208;S;
24308;S;S
49787;S;
47913;S;S
57690;S;
4740;S;
53298;S;
11790;S;
24528;S;
21986;S;S
53318;S;
29690;S;S
27478;S;
11582;S;S
12014;S;S
22508;S;S
7883;S;S
12361;S;
19585;S;S
21679;S;
50786;S;
11907;S;
62003;S;
13272;S;S
65831;S;S
19772;S;
56445;S;
19734;S;
22538;S;S
29568;S;
69728;S;
62022;S;
15271;S;S
6233;S;S
30854;S;
12177;S;
12392;S;
12392;S;S
19743;S;S
30972;S;S
30520;S;
30685;S;S
54863;S;S
43799;S;
47330;S;S
11660;S;S
54957;S;S
12369;S;
34170;S;
53614;S;
71900;S;
26730;S;S
11393;S;S
69032;S;
12286;S;
64180;S;
589;S;
30848;S;
24217;S;
6294;S;S
34631;S;
53433;S;S
47806;S;
30452;S;
12012;S;S
49645;S;
47830;S;
11634;S;S
65778;S;
29541;S;
29561;S;
30731;S;S
34030;S;S
11910;S;S
64891;S;
8179;S;
31050;S;
11219;S;S
56633;S;
40506;S;S
31077;S;
39164;S;
10354;S;S
10616;S;
10573;S;
26960;S;
72139;S;
43924;S;S
59289;S;
19279;S;S
63179;S;
71574;S;
19582;S;S
6667;S;S
11917;S;S
23962;S;
14061;S;S
70300;S;
21708;S;
802;S;S
42806;S;S
33145;S;S
30910;S;
16756;S;S
30593;S;S
54820;S;S
30562;S;
46895;S;
12377;S;S
50790;S;
13213;S;S
866;S;S
50804;S;S
29554;S;
11685;S;S
